legacy_id,objectid,collectionid,display_template,parentid,sequence,pres_file,filename,object_location,image_alt_text,image_small,image_thumb,object_ocr,object_hocr,object_transcript,object_pdf,title,ark,avian_id,uid,call_number,archival_collection,finding_aid_ark,archival_series_title,folder_title,box,folder_num,contributing_institution,contributing_institution_uri,personal_creator,personal_creator_uri,corporate_creator,corporate_creator_uri,interviewee,interviewee_uri,interviewer,interviewer_uri,personal_contributor,personal_contributor_uri,corporate_contributor,corporate_contributor_uri,description,disclaimer,language,chronological_subject,personal_name_subject,personal_name_subject_uri,corporate_name_subject,corporate_name_subject_uri,subject,subject_uri,location,location_uri,latitude,longitude,geodetic_datum,extent,medium,medium_uri,genre,genre_uri,type,format,rights,rightsstatement,date,date_digital,publisher,publisher_uri,issuance,issuance_start,issuance_end,frequency,digital_collection,digital_collection_ark,relation,relation_uri,digital_origin
MSO_b1f11i1,msob1f11i1,mso,complex,,0,,,,,https://isuu00001library102stg.blob.core.windows.net/digital-objects/mso/small/rs022-033b001f011i001_sm.jpg,https://isuu00001library102stg.blob.core.windows.net/digital-objects/mso/thumbs/rs022-033b001f011i001_th.jpg,,,,https://isuu00001library102stg.blob.core.windows.net/digital-objects/mso/pdf/msob1f11i1.pdf,Black awareness week '73 at Iowa State University,https://n2t.net/ark:/87292/w9pz51s4q,,,RS 22/3,Iowa State University. Student Organizations - Multicultural Organizations records,https://n2t.net/ark:/87292/w9tj89,,"Black Awareness Week, 1973_1975, undated",1,11,Iowa State University. Special Collections and University Archives,http://id.loc.gov/authorities/names/no2021021777,,,,,,,,,,,,,Schedule of events laid out for the week's celebration.,,eng,1970s,,,,,College students--Societies and clubs;African Americans;Black people,http://id.worldcat.org/fast/868054;http://id.worldcat.org/fast/799558;http://id.worldcat.org/fast/833880,,,,,,3 pages,,,brochures,http://vocab.getty.edu/aat/300248280,Text,image/jpeg,"This item is protected by U.S. copyright and related rights. It is being made available by Iowa State University as its rights-holder for noncommercial use, including sharing and adapting the work. No permission is required for noncommercial use so long as attribution is provided. All other uses require permission from Special Collections and University Archives.",https://creativecommons.org/licenses/by-nc/4.0/,1973_04-02/1973_04-07,2022-02-21,Iowa State University. Library,http://id.loc.gov/authorities/names/n82160893,,,,,Iowa State University multicultural student organizations collection,https://n2t.net/ark:/87292/w9cn6z51v,,,reformatted digital; Digitized with Epson Expression 12000XL
MSO_b1f11i1_1,msob1f11i1c1,mso,child,msob1f11i1,1,RS022-033b001f011i001.tif,rs022-033b001f011i001.jpg,https://isuu00001library102stg.blob.core.windows.net/digital-objects/mso/rs022-033b001f011i001.jpg,,https://isuu00001library102stg.blob.core.windows.net/digital-objects/mso/small/rs022-033b001f011i001_sm.jpg,https://isuu00001library102stg.blob.core.windows.net/digital-objects/mso/thumbs/rs022-033b001f011i001_th.jpg,https://isuu00001library102stg.blob.core.windows.net/digital-objects/mso/ocr/msob1f11i1c1.txt,https://isuu00001library102stg.blob.core.windows.net/digital-objects/mso/hocr/msob1f11i1c1.txt,,,Page 1,,,,,,,,,,,Iowa State University. Special Collections and University Archives,http://id.loc.gov/authorities/names/no2021021777,,,,,,,,,,,,,,,,,,,,,,,,,,,,,,,,,,image/jpeg,,,,2022-02-21,,,,,,,Iowa State University multicultural student organizations collection,https://n2t.net/ark:/87292/w9cn6z51v,,,reformatted digital; Digitized with Epson Expression 12000XL
MSO_b1f11i1_2,msob1f11i1c2,mso,child,msob1f11i1,2,RS022-033b001f011i002_tif,rs022-033b001f011i002_jpg,https://isuu00001library102stg.blob.core.windows.net/digital-objects/mso/rs022-033b001f011i002_jpg,,https://isuu00001library102stg.blob.core.windows.net/digital-objects/mso/small/rs022-033b001f011i002_sm.jpg,https://isuu00001library102stg.blob.core.windows.net/digital-objects/mso/thumbs/rs022-033b001f011i002_th.jpg,https://isuu00001library102stg.blob.core.windows.net/digital-objects/mso/ocr/msob1f11i1c2_txt,https://isuu00001library102stg.blob.core.windows.net/digital-objects/mso/hocr/msob1f11i1c2_txt,,,Page 2,,,,,,,,,,,Iowa State University. Special Collections and University Archives,http://id.loc.gov/authorities/names/no2021021777,,,,,,,,,,,,,,,,,,,,,,,,,,,,,,,,,,image/jpeg,,,,2022-02-21,,,,,,,Iowa State University multicultural student organizations collection,https://n2t.net/ark:/87292/w9cn6z51v,,,reformatted digital; Digitized with Epson Expression 12000XL
MSO_b1f11i1_3,msob1f11i1c3,mso,child,msob1f11i1,3,RS022-033b001f011i003_tif,rs022-033b001f011i003_jpg,https://isuu00001library102stg.blob.core.windows.net/digital-objects/mso/rs022-033b001f011i003_jpg,,https://isuu00001library102stg.blob.core.windows.net/digital-objects/mso/small/rs022-033b001f011i003_sm.jpg,https://isuu00001library102stg.blob.core.windows.net/digital-objects/mso/thumbs/rs022-033b001f011i003_th.jpg,https://isuu00001library102stg.blob.core.windows.net/digital-objects/mso/ocr/msob1f11i1c3_txt,https://isuu00001library102stg.blob.core.windows.net/digital-objects/mso/hocr/msob1f11i1c3_txt,,,Page 3,,,,,,,,,,,Iowa State University. Special Collections and University Archives,http://id.loc.gov/authorities/names/no2021021777,,,,,,,,,,,,,,,,,,,,,,,,,,,,,,,,,,image/jpeg,,,,2022-02-21,,,,,,,Iowa State University multicultural student organizations collection,https://n2t.net/ark:/87292/w9cn6z51v,,,reformatted digital; Digitized with Epson Expression 12000XL
MSO_b1f11i2,msob1f11i2,mso,complex,,0,,,,,https://isuu00001library102stg.blob.core.windows.net/digital-objects/mso/small/rs022-033b001f011i004_sm.jpg,https://isuu00001library102stg.blob.core.windows.net/digital-objects/mso/thumbs/rs022-033b001f011i004_th.jpg,,,,https://isuu00001library102stg.blob.core.windows.net/digital-objects/mso/pdf/msob1f11i2_pdf,Négritude...,https://n2t.net/ark:/87292/w9k649z9s,,,RS 22/3,Iowa State University. Student Organizations - Multicultural Organizations records,https://n2t.net/ark:/87292/w9tj89,,"Black Awareness Week, 1973_1975, undated",1,11,Iowa State University. Special Collections and University Archives,http://id.loc.gov/authorities/names/no2021021777,,,Iowa State University. Black Cultural Center,,,,,,,,,,"Announcement for the appearance of Léon Damas's lecture ""Négritude"" during Black Awareness Week.",,eng,1970s,"Damas, Léon-Gontran, 1912-1978",http://id.loc.gov/authorities/names/n82253217,,,Lectures and lecturing;Negritude (Literary movement),http://id.worldcat.org/fast/995281;http://id.worldcat.org/fast/1035590,,,,,,1 page,,,fliers (printed matter),http://vocab.getty.edu/aat/300224742,Text,image/jpeg,"This item is protected by U.S. copyright and related rights. It is being made available by Iowa State University as its rights-holder for noncommercial use, including sharing and adapting the work. No permission is required for noncommercial use so long as attribution is provided. All other uses require permission from Special Collections and University Archives.",https://creativecommons.org/licenses/by-nc/4.0/,,2022-02-21,Iowa State University. Library,http://id.loc.gov/authorities/names/n82160893,,,,,Iowa State University multicultural student organizations collection,https://n2t.net/ark:/87292/w9cn6z51v,,,reformatted digital; Digitized with Epson Expression 12000XL
MSO_b1f11i2_1,msob1f11i2c1,mso,child,msob1f11i2,1,RS022-033b001f011i004.tif,rs022-033b001f011i004.jpg,https://isuu00001library102stg.blob.core.windows.net/digital-objects/mso/rs022-033b001f011i004.jpg,,https://isuu00001library102stg.blob.core.windows.net/digital-objects/mso/small/rs022-033b001f011i004_sm.jpg,https://isuu00001library102stg.blob.core.windows.net/digital-objects/mso/thumbs/rs022-033b001f011i004_th.jpg,https://isuu00001library102stg.blob.core.windows.net/digital-objects/mso/ocr/msob1f11i2c1.txt,https://isuu00001library102stg.blob.core.windows.net/digital-objects/mso/hocr/msob1f11i2c1.txt,,,Page 1,,,,,,,,,,,Iowa State University. Special Collections and University Archives,http://id.loc.gov/authorities/names/no2021021777,,,,,,,,,,,,,,,,,,,,,,,,,,,,,,,,,,image/jpeg,,,,2022-02-21,,,,,,,Iowa State University multicultural student organizations collection,https://n2t.net/ark:/87292/w9cn6z51v,,,reformatted digital; Digitized with Epson Expression 12000XL
MSO_b1f12i1,msob1f12i1,mso,complex,,0,,,,,https://isuu00001library102stg.blob.core.windows.net/digital-objects/mso/small/rs022-033b001f012i001_sm.jpg,https://isuu00001library102stg.blob.core.windows.net/digital-objects/mso/thumbs/rs022-033b001f012i001_th.jpg,,,,https://isuu00001library102stg.blob.core.windows.net/digital-objects/mso/pdf/msob1f12i1.pdf,Black history week: towards a united state of mind,https://n2t.net/ark:/87292/w9ff3m552,,,RS 22/3,Iowa State University. Student Organizations - Multicultural Organizations records,https://n2t.net/ark:/87292/w9tj89,,"Black History Week, 1971-1994",1,12,Iowa State University. Special Collections and University Archives,http://id.loc.gov/authorities/names/no2021021777,,,Iowa State University. Black Cultural Center,,,,,,,,,,"Program for Black History Week titled ""Towards a United State of Mind"" and schedule of events.",,eng,1970s,,,,,Black History Week,http://id.worldcat.org/fast/1738687,,,42_02686448,-93_64584006,,4 pages,,,printed ephemera,http://vocab.getty.edu/aat/300264821,Text,image/jpeg,"This item is protected by U.S. copyright and related rights. It is being made available by Iowa State University as its rights-holder for noncommercial use, including sharing and adapting the work. No permission is required for noncommercial use so long as attribution is provided. All other uses require permission from Special Collections and University Archives.",https://creativecommons.org/licenses/by-nc/4.0/,1974-02-04/1974-02-08,2022-02-21,Iowa State University. Library,http://id.loc.gov/authorities/names/n82160893,,,,,Iowa State University multicultural student organizations collection,https://n2t.net/ark:/87292/w9cn6z51v,,,reformatted digital; Digitized with Epson Expression 12000XL
MSO_b1f12i1_1,msob1f12i1c1,mso,child,msob1f12i1,1,RS022-033b001f012i001.tif,rs022-033b001f012i001.jpg,https://isuu00001library102stg.blob.core.windows.net/digital-objects/mso/rs022-033b001f012i001.jpg,,https://isuu00001library102stg.blob.core.windows.net/digital-objects/mso/small/rs022-033b001f012i001_sm.jpg,https://isuu00001library102stg.blob.core.windows.net/digital-objects/mso/thumbs/rs022-033b001f012i001_th.jpg,https://isuu00001library102stg.blob.core.windows.net/digital-objects/mso/ocr/msob1f12i1c1.txt,https://isuu00001library102stg.blob.core.windows.net/digital-objects/mso/hocr/msob1f12i1c1.txt,,,Page 1,,,,,,,,,,,Iowa State University. Special Collections and University Archives,http://id.loc.gov/authorities/names/no2021021777,,,,,,,,,,,,,,,,,,,,,,,,,,,,,,,,,,image/jpeg,,,,2022-02-21,,,,,,,Iowa State University multicultural student organizations collection,https://n2t.net/ark:/87292/w9cn6z51v,,,reformatted digital; Digitized with Epson Expression 12000XL
MSO_b1f12i1_2,msob1f12i1c2,mso,child,msob1f12i1,2,RS022-033b001f012i002_tif,rs022-033b001f012i002_jpg,https://isuu00001library102stg.blob.core.windows.net/digital-objects/mso/rs022-033b001f012i002_jpg,,https://isuu00001library102stg.blob.core.windows.net/digital-objects/mso/small/rs022-033b001f012i002_sm.jpg,https://isuu00001library102stg.blob.core.windows.net/digital-objects/mso/thumbs/rs022-033b001f012i002_th.jpg,https://isuu00001library102stg.blob.core.windows.net/digital-objects/mso/ocr/msob1f12i1c2_txt,https://isuu00001library102stg.blob.core.windows.net/digital-objects/mso/hocr/msob1f12i1c2_txt,,,Page 2,,,,,,,,,,,Iowa State University. Special Collections and University Archives,http://id.loc.gov/authorities/names/no2021021777,,,,,,,,,,,,,,,,,,,,,,,,,,,,,,,,,,image/jpeg,,,,2022-02-21,,,,,,,Iowa State University multicultural student organizations collection,https://n2t.net/ark:/87292/w9cn6z51v,,,reformatted digital; Digitized with Epson Expression 12000XL
MSO_b1f12i1_3,msob1f12i1c3,mso,child,msob1f12i1,3,RS022-033b001f012i003_tif,rs022-033b001f012i003_jpg,https://isuu00001library102stg.blob.core.windows.net/digital-objects/mso/rs022-033b001f012i003_jpg,,https://isuu00001library102stg.blob.core.windows.net/digital-objects/mso/small/rs022-033b001f012i003_sm.jpg,https://isuu00001library102stg.blob.core.windows.net/digital-objects/mso/thumbs/rs022-033b001f012i003_th.jpg,https://isuu00001library102stg.blob.core.windows.net/digital-objects/mso/ocr/msob1f12i1c3_txt,https://isuu00001library102stg.blob.core.windows.net/digital-objects/mso/hocr/msob1f12i1c3_txt,,,Page 3,,,,,,,,,,,Iowa State University. Special Collections and University Archives,http://id.loc.gov/authorities/names/no2021021777,,,,,,,,,,,,,,,,,,,,,,,,,,,,,,,,,,image/jpeg,,,,2022-02-21,,,,,,,Iowa State University multicultural student organizations collection,https://n2t.net/ark:/87292/w9cn6z51v,,,reformatted digital; Digitized with Epson Expression 12000XL
MSO_b1f12i1_4,msob1f12i1c4,mso,child,msob1f12i1,4,RS022-033b001f012i004.tif,rs022-033b001f012i004.jpg,https://isuu00001library102stg.blob.core.windows.net/digital-objects/mso/rs022-033b001f012i004.jpg,,https://isuu00001library102stg.blob.core.windows.net/digital-objects/mso/small/rs022-033b001f012i004_sm.jpg,https://isuu00001library102stg.blob.core.windows.net/digital-objects/mso/thumbs/rs022-033b001f012i004_th.jpg,https://isuu00001library102stg.blob.core.windows.net/digital-objects/mso/ocr/msob1f12i1c4.txt,https://isuu00001library102stg.blob.core.windows.net/digital-objects/mso/hocr/msob1f12i1c4.txt,,,Page 4,,,,,,,,,,,Iowa State University. Special Collections and University Archives,http://id.loc.gov/authorities/names/no2021021777,,,,,,,,,,,,,,,,,,,,,,,,,,,,,,,,,,image/jpeg,,,,2022-02-21,,,,,,,Iowa State University multicultural student organizations collection,https://n2t.net/ark:/87292/w9cn6z51v,,,reformatted digital; Digitized with Epson Expression 12000XL
MSO_b1f12i2,msob1f12i2,mso,complex,,0,,,,,https://isuu00001library102stg.blob.core.windows.net/digital-objects/mso/small/rs022-033b001f012i005_sm.jpg,https://isuu00001library102stg.blob.core.windows.net/digital-objects/mso/thumbs/rs022-033b001f012i005_th.jpg,,,,https://isuu00001library102stg.blob.core.windows.net/digital-objects/mso/pdf/msob1f12i2_pdf,Black history week: voices for liberation,https://n2t.net/ark:/87292/w99p2wc1x,,,RS 22/3,Iowa State University. Student Organizations - Multicultural Organizations records,https://n2t.net/ark:/87292/w9tj89,,"Black History Week, 1971-1994",1,12,Iowa State University. Special Collections and University Archives,http://id.loc.gov/authorities/names/no2021021777,,,Iowa State University. Black Cultural Center,,,,,,,,,,"Program for Black History week titled ""Voices for Liberation"".",,eng,1970s,,,,,Black History Week,http://id.worldcat.org/fast/1738687,,,42_02686448,-93_64584006,,4 pages,,,printed ephemera,http://vocab.getty.edu/aat/300264821,Text,image/jpeg,"This item is protected by U.S. copyright and related rights. It is being made available by Iowa State University as its rights-holder for noncommercial use, including sharing and adapting the work. No permission is required for noncommercial use so long as attribution is provided. All other uses require permission from Special Collections and University Archives.",https://creativecommons.org/licenses/by-nc/4.0/,1975-02-10/1975-02-15,2022-02-21,Iowa State University. Library,http://id.loc.gov/authorities/names/n82160893,,,,,Iowa State University multicultural student organizations collection,https://n2t.net/ark:/87292/w9cn6z51v,,,reformatted digital; Digitized with Epson Expression 12000XL
MSO_b1f12i2_1,msob1f12i2c1,mso,child,msob1f12i2,1,RS022-033b001f012i005_tif,rs022-033b001f012i005_jpg,https://isuu00001library102stg.blob.core.windows.net/digital-objects/mso/rs022-033b001f012i005_jpg,,https://isuu00001library102stg.blob.core.windows.net/digital-objects/mso/small/rs022-033b001f012i005_sm.jpg,https://isuu00001library102stg.blob.core.windows.net/digital-objects/mso/thumbs/rs022-033b001f012i005_th.jpg,https://isuu00001library102stg.blob.core.windows.net/digital-objects/mso/ocr/msob1f12i2c1.txt,https://isuu00001library102stg.blob.core.windows.net/digital-objects/mso/hocr/msob1f12i2c1.txt,,,Page 1,,,,,,,,,,,Iowa State University. Special Collections and University Archives,http://id.loc.gov/authorities/names/no2021021777,,,,,,,,,,,,,,,,,,,,,,,,,,,,,,,,,,image/jpeg,,,,2022-02-21,,,,,,,Iowa State University multicultural student organizations collection,https://n2t.net/ark:/87292/w9cn6z51v,,,reformatted digital; Digitized with Epson Expression 12000XL
MSO_b1f12i2_2,msob1f12i2c2,mso,child,msob1f12i2,2,RS022-033b001f012i006.tif,rs022-033b001f012i006.jpg,https://isuu00001library102stg.blob.core.windows.net/digital-objects/mso/rs022-033b001f012i006.jpg,,https://isuu00001library102stg.blob.core.windows.net/digital-objects/mso/small/rs022-033b001f012i006_sm.jpg,https://isuu00001library102stg.blob.core.windows.net/digital-objects/mso/thumbs/rs022-033b001f012i006_th.jpg,https://isuu00001library102stg.blob.core.windows.net/digital-objects/mso/ocr/msob1f12i2c2_txt,https://isuu00001library102stg.blob.core.windows.net/digital-objects/mso/hocr/msob1f12i2c2_txt,,,Page 2,,,,,,,,,,,Iowa State University. Special Collections and University Archives,http://id.loc.gov/authorities/names/no2021021777,,,,,,,,,,,,,,,,,,,,,,,,,,,,,,,,,,image/jpeg,,,,2022-02-21,,,,,,,Iowa State University multicultural student organizations collection,https://n2t.net/ark:/87292/w9cn6z51v,,,reformatted digital; Digitized with Epson Expression 12000XL
MSO_b1f12i2_3,msob1f12i2c3,mso,child,msob1f12i2,3,RS022-033b001f012i007.tif,rs022-033b001f012i007.jpg,https://isuu00001library102stg.blob.core.windows.net/digital-objects/mso/rs022-033b001f012i007.jpg,,https://isuu00001library102stg.blob.core.windows.net/digital-objects/mso/small/rs022-033b001f012i007_sm.jpg,https://isuu00001library102stg.blob.core.windows.net/digital-objects/mso/thumbs/rs022-033b001f012i007_th.jpg,https://isuu00001library102stg.blob.core.windows.net/digital-objects/mso/ocr/msob1f12i2c3_txt,https://isuu00001library102stg.blob.core.windows.net/digital-objects/mso/hocr/msob1f12i2c3_txt,,,Page 3,,,,,,,,,,,Iowa State University. Special Collections and University Archives,http://id.loc.gov/authorities/names/no2021021777,,,,,,,,,,,,,,,,,,,,,,,,,,,,,,,,,,image/jpeg,,,,2022-02-21,,,,,,,Iowa State University multicultural student organizations collection,https://n2t.net/ark:/87292/w9cn6z51v,,,reformatted digital; Digitized with Epson Expression 12000XL
MSO_b1f12i2_4,msob1f12i2c4,mso,child,msob1f12i2,4,RS022-033b001f012i008.tif,rs022-033b001f012i008.jpg,https://isuu00001library102stg.blob.core.windows.net/digital-objects/mso/rs022-033b001f012i008.jpg,,https://isuu00001library102stg.blob.core.windows.net/digital-objects/mso/small/rs022-033b001f012i008_sm.jpg,https://isuu00001library102stg.blob.core.windows.net/digital-objects/mso/thumbs/rs022-033b001f012i008_th.jpg,https://isuu00001library102stg.blob.core.windows.net/digital-objects/mso/ocr/msob1f12i2c4.txt,https://isuu00001library102stg.blob.core.windows.net/digital-objects/mso/hocr/msob1f12i2c4.txt,,,Page 4,,,,,,,,,,,Iowa State University. Special Collections and University Archives,http://id.loc.gov/authorities/names/no2021021777,,,,,,,,,,,,,,,,,,,,,,,,,,,,,,,,,,image/jpeg,,,,2022-02-21,,,,,,,Iowa State University multicultural student organizations collection,https://n2t.net/ark:/87292/w9cn6z51v,,,reformatted digital; Digitized with Epson Expression 12000XL
MSO_b1f13i1,msob1f13i1,mso,complex,,0,,,,,https://isuu00001library102stg.blob.core.windows.net/digital-objects/mso/small/rs022-033b001f013i001_sm.jpg,https://isuu00001library102stg.blob.core.windows.net/digital-objects/mso/thumbs/rs022-033b001f013i001_th.jpg,,,,https://isuu00001library102stg.blob.core.windows.net/digital-objects/mso/pdf/msob1f13i1.pdf,Celebrate Black History Month at Iowa State University,https://n2t.net/ark:/87292/w95x25j7j,,,RS 22/3,Iowa State University. Student Organizations - Multicultural Organizations records,https://n2t.net/ark:/87292/w9tj89,,"Black History Month, 2000-2008",1,13,Iowa State University. Special Collections and University Archives,http://id.loc.gov/authorities/names/no2021021777,,,,,,,,,,,,,Poster for presenters and events for the monthlong celebration.,,eng,2000s,,,,,African American History Month,http://id.worldcat.org/fast/798977,,,42_02686448,-93_64584006,,1 page,,,fliers (printed matter),http://vocab.getty.edu/aat/300224742,Text,image/jpeg,"This item is protected by U.S. copyright and related rights. It is being made available by Iowa State University as its rights-holder for noncommercial use, including sharing and adapting the work. No permission is required for noncommercial use so long as attribution is provided. All other uses require permission from Special Collections and University Archives.",https://creativecommons.org/licenses/by-nc/4.0/,2000-02-01/2000-03_01,2022-02-21,Iowa State University. Library,http://id.loc.gov/authorities/names/n82160893,,,,,Iowa State University multicultural student organizations collection,https://n2t.net/ark:/87292/w9cn6z51v,,,reformatted digital; Digitized with Epson Expression 12000XL
MSO_b1f13i1_1,msob1f13i1c1,mso,child,msob1f13i1,1,RS022-033b001f013i001.tif,rs022-033b001f013i001.jpg,https://isuu00001library102stg.blob.core.windows.net/digital-objects/mso/rs022-033b001f013i001.jpg,,https://isuu00001library102stg.blob.core.windows.net/digital-objects/mso/small/rs022-033b001f013i001_sm.jpg,https://isuu00001library102stg.blob.core.windows.net/digital-objects/mso/thumbs/rs022-033b001f013i001_th.jpg,https://isuu00001library102stg.blob.core.windows.net/digital-objects/mso/ocr/msob1f13i1c1.txt,https://isuu00001library102stg.blob.core.windows.net/digital-objects/mso/hocr/msob1f13i1c1.txt,,,Page 1,,,,,,,,,,,Iowa State University. Special Collections and University Archives,http://id.loc.gov/authorities/names/no2021021777,,,,,,,,,,,,,,,,,,,,,,,,,,,,,,,,,,image/jpeg,,,,2022-02-21,,,,,,,Iowa State University multicultural student organizations collection,https://n2t.net/ark:/87292/w9cn6z51v,,,reformatted digital; Digitized with Epson Expression 12000XL
MSO_b1f15i1,msob1f15i1,mso,complex,,0,,,,,https://isuu00001library102stg.blob.core.windows.net/digital-objects/mso/small/rs022-033b001f015i001_sm.jpg,https://isuu00001library102stg.blob.core.windows.net/digital-objects/mso/thumbs/rs022-033b001f015i001_th.jpg,,,,https://isuu00001library102stg.blob.core.windows.net/digital-objects/mso/pdf/msob1f15i1.pdf,2007-2008 executive board,https://n2t.net/ark:/87292/w9251fr3q,,,RS 22/3,Iowa State University. Student Organizations - Multicultural Organizations records,https://n2t.net/ark:/87292/w9tj89,,"Black Student Alliance (formerly Black Student Government), 1992-2014",1,15,Iowa State University. Special Collections and University Archives,http://id.loc.gov/authorities/names/no2021021777,,,Black Student Alliance (Iowa State University),,,,,,,,,,List of Black Student Alliance Executive Board members.,,eng,2000s,,,,,College students--Societies and clubs;African American college students;Black people,http://id.worldcat.org/fast/868054;http://id.worldcat.org/fast/799102;http://id.worldcat.org/fast/833880,,,,,,1 page,,,administrative records,http://vocab.getty.edu/aat/300027425,Text,image/jpeg,"This item is protected by U.S. copyright and related rights. It is being made available by Iowa State University as its rights-holder for noncommercial use, including sharing and adapting the work. No permission is required for noncommercial use so long as attribution is provided. All other uses require permission from Special Collections and University Archives.",https://creativecommons.org/licenses/by-nc/4.0/,2007/2008,2022-02-21,Iowa State University. Library,http://id.loc.gov/authorities/names/n82160893,,,,,Iowa State University multicultural student organizations collection,https://n2t.net/ark:/87292/w9cn6z51v,,,reformatted digital; Digitized with Epson Expression 12000XL
MSO_b1f15i1_1,msob1f15i1c1,mso,child,msob1f15i1,1,RS022-033b001f015i001.tif,rs022-033b001f015i001.jpg,https://isuu00001library102stg.blob.core.windows.net/digital-objects/mso/rs022-033b001f015i001.jpg,,https://isuu00001library102stg.blob.core.windows.net/digital-objects/mso/small/rs022-033b001f015i001_sm.jpg,https://isuu00001library102stg.blob.core.windows.net/digital-objects/mso/thumbs/rs022-033b001f015i001_th.jpg,https://isuu00001library102stg.blob.core.windows.net/digital-objects/mso/ocr/msob1f15i1c1.txt,https://isuu00001library102stg.blob.core.windows.net/digital-objects/mso/hocr/msob1f15i1c1.txt,,,Page 1,,,,,,,,,,,Iowa State University. Special Collections and University Archives,http://id.loc.gov/authorities/names/no2021021777,,,,,,,,,,,,,,,,,,,,,,,,,,,,,,,,,,image/jpeg,,,,2022-02-21,,,,,,,Iowa State University multicultural student organizations collection,https://n2t.net/ark:/87292/w9cn6z51v,,,reformatted digital; Digitized with Epson Expression 12000XL
MSO_b1f15i2,msob1f15i2,mso,complex,,0,,,,,https://isuu00001library102stg.blob.core.windows.net/digital-objects/mso/small/rs022-033b001f015i002_sm.jpg,https://isuu00001library102stg.blob.core.windows.net/digital-objects/mso/thumbs/rs022-033b001f015i002_th.jpg,,,,https://isuu00001library102stg.blob.core.windows.net/digital-objects/mso/pdf/msob1f15i2_pdf,Black leadership conference,https://n2t.net/ark:/87292/w9xg9fh1h,,,RS 22/3,Iowa State University. Student Organizations - Multicultural Organizations records,https://n2t.net/ark:/87292/w9tj89,,"Black Student Alliance (formerly Black Student Government), 1992-2014",1,15,Iowa State University. Special Collections and University Archives,http://id.loc.gov/authorities/names/no2021021777,,,Black Student Alliance (Iowa State University),,,,,,,,,,Minutes from the Black Student Alliance Black Leadership Conference planning meeting.,,eng,2000s,,,,,College students--Societies and clubs;African Americans;Black people,http://id.worldcat.org/fast/868054;http://id.worldcat.org/fast/799558;http://id.worldcat.org/fast/833880,,,,,,2 pages,,,administrative records,http://vocab.getty.edu/aat/300027425,Text,image/jpeg,"This item is protected by U.S. copyright and related rights. It is being made available by Iowa State University as its rights-holder for noncommercial use, including sharing and adapting the work. No permission is required for noncommercial use so long as attribution is provided. All other uses require permission from Special Collections and University Archives.",https://creativecommons.org/licenses/by-nc/4.0/,2007-04-04,2022-02-21,Iowa State University. Library,http://id.loc.gov/authorities/names/n82160893,,,,,Iowa State University multicultural student organizations collection,https://n2t.net/ark:/87292/w9cn6z51v,,,reformatted digital; Digitized with Epson Expression 12000XL
MSO_b1f15i2_1,msob1f15i2c1,mso,child,msob1f15i2,1,RS022-033b001f015i002_tif,rs022-033b001f015i002_jpg,https://isuu00001library102stg.blob.core.windows.net/digital-objects/mso/rs022-033b001f015i002_jpg,,https://isuu00001library102stg.blob.core.windows.net/digital-objects/mso/small/rs022-033b001f015i002_sm.jpg,https://isuu00001library102stg.blob.core.windows.net/digital-objects/mso/thumbs/rs022-033b001f015i002_th.jpg,https://isuu00001library102stg.blob.core.windows.net/digital-objects/mso/ocr/msob1f15i2c1.txt,https://isuu00001library102stg.blob.core.windows.net/digital-objects/mso/hocr/msob1f15i2c1.txt,,,Page 1,,,,,,,,,,,Iowa State University. Special Collections and University Archives,http://id.loc.gov/authorities/names/no2021021777,,,,,,,,,,,,,,,,,,,,,,,,,,,,,,,,,,image/jpeg,,,,2022-02-21,,,,,,,Iowa State University multicultural student organizations collection,https://n2t.net/ark:/87292/w9cn6z51v,,,reformatted digital; Digitized with Epson Expression 12000XL
MSO_b1f15i2_2,msob1f15i2c2,mso,child,msob1f15i2,2,RS022-033b001f015i003_tif,rs022-033b001f015i003_jpg,https://isuu00001library102stg.blob.core.windows.net/digital-objects/mso/rs022-033b001f015i003_jpg,,https://isuu00001library102stg.blob.core.windows.net/digital-objects/mso/small/rs022-033b001f015i003_sm.jpg,https://isuu00001library102stg.blob.core.windows.net/digital-objects/mso/thumbs/rs022-033b001f015i003_th.jpg,https://isuu00001library102stg.blob.core.windows.net/digital-objects/mso/ocr/msob1f15i2c2_txt,https://isuu00001library102stg.blob.core.windows.net/digital-objects/mso/hocr/msob1f15i2c2_txt,,,Page 2,,,,,,,,,,,Iowa State University. Special Collections and University Archives,http://id.loc.gov/authorities/names/no2021021777,,,,,,,,,,,,,,,,,,,,,,,,,,,,,,,,,,image/jpeg,,,,2022-02-21,,,,,,,Iowa State University multicultural student organizations collection,https://n2t.net/ark:/87292/w9cn6z51v,,,reformatted digital; Digitized with Epson Expression 12000XL
MSO_b1f15i3,msob1f15i3,mso,complex,,0,,,,,https://isuu00001library102stg.blob.core.windows.net/digital-objects/mso/small/rs022-033b001f015i004_sm.jpg,https://isuu00001library102stg.blob.core.windows.net/digital-objects/mso/thumbs/rs022-033b001f015i004_th.jpg,,,,https://isuu00001library102stg.blob.core.windows.net/digital-objects/mso/pdf/msob1f15i3_pdf,Constitution of the Black Student Alliance,https://n2t.net/ark:/87292/w9sq8qp7r,,,RS 22/3,Iowa State University. Student Organizations - Multicultural Organizations records,https://n2t.net/ark:/87292/w9tj89,,"Black Student Alliance (formerly Black Student Government), 1992-2014",1,15,Iowa State University. Special Collections and University Archives,http://id.loc.gov/authorities/names/no2021021777,,,Black Student Alliance (Iowa State University),,,,,,,,,,"Constitution of the Black Student Alliance that lays out the purpose of the organization, membership, executive board, and executive board's duties.",,eng,2010s,,,,,College students--Societies and clubs;African Americans;Black people,http://id.worldcat.org/fast/868054;http://id.worldcat.org/fast/799558;http://id.worldcat.org/fast/833880,,,,,,11 pages,,,administrative records,http://vocab.getty.edu/aat/300027425,Text,image/jpeg,"This item is protected by U.S. copyright and related rights. It is being made available by Iowa State University as its rights-holder for noncommercial use, including sharing and adapting the work. No permission is required for noncommercial use so long as attribution is provided. All other uses require permission from Special Collections and University Archives.",https://creativecommons.org/licenses/by-nc/4.0/,2011/2012,2022-02-21,Iowa State University. Library,http://id.loc.gov/authorities/names/n82160893,,,,,Iowa State University multicultural student organizations collection,https://n2t.net/ark:/87292/w9cn6z51v,,,reformatted digital; Digitized with Epson Expression 12000XL
MSO_b1f15i3_01,msob1f15i3c01,mso,child,msob1f15i3,1,RS022-033b001f015i004.tif,rs022-033b001f015i004.jpg,https://isuu00001library102stg.blob.core.windows.net/digital-objects/mso/rs022-033b001f015i004.jpg,,https://isuu00001library102stg.blob.core.windows.net/digital-objects/mso/small/rs022-033b001f015i004_sm.jpg,https://isuu00001library102stg.blob.core.windows.net/digital-objects/mso/thumbs/rs022-033b001f015i004_th.jpg,https://isuu00001library102stg.blob.core.windows.net/digital-objects/mso/ocr/msob1f15i3c01.txt,https://isuu00001library102stg.blob.core.windows.net/digital-objects/mso/hocr/msob1f15i3c01.txt,,,Page 1,,,,,,,,,,,Iowa State University. Special Collections and University Archives,http://id.loc.gov/authorities/names/no2021021777,,,,,,,,,,,,,,,,,,,,,,,,,,,,,,,,,,image/jpeg,,,,2022-02-21,,,,,,,Iowa State University multicultural student organizations collection,https://n2t.net/ark:/87292/w9cn6z51v,,,reformatted digital; Digitized with Epson Expression 12000XL
MSO_b1f15i3_02,msob1f15i3c02,mso,child,msob1f15i3,2,RS022-033b001f015i005_tif,rs022-033b001f015i005_jpg,https://isuu00001library102stg.blob.core.windows.net/digital-objects/mso/rs022-033b001f015i005_jpg,,https://isuu00001library102stg.blob.core.windows.net/digital-objects/mso/small/rs022-033b001f015i005_sm.jpg,https://isuu00001library102stg.blob.core.windows.net/digital-objects/mso/thumbs/rs022-033b001f015i005_th.jpg,https://isuu00001library102stg.blob.core.windows.net/digital-objects/mso/ocr/msob1f15i3c02_txt,https://isuu00001library102stg.blob.core.windows.net/digital-objects/mso/hocr/msob1f15i3c02_txt,,,Page 2,,,,,,,,,,,Iowa State University. Special Collections and University Archives,http://id.loc.gov/authorities/names/no2021021777,,,,,,,,,,,,,,,,,,,,,,,,,,,,,,,,,,image/jpeg,,,,2022-02-21,,,,,,,Iowa State University multicultural student organizations collection,https://n2t.net/ark:/87292/w9cn6z51v,,,reformatted digital; Digitized with Epson Expression 12000XL
MSO_b1f15i3_03,msob1f15i3c03,mso,child,msob1f15i3,3,RS022-033b001f015i006.tif,rs022-033b001f015i006.jpg,https://isuu00001library102stg.blob.core.windows.net/digital-objects/mso/rs022-033b001f015i006.jpg,,https://isuu00001library102stg.blob.core.windows.net/digital-objects/mso/small/rs022-033b001f015i006_sm.jpg,https://isuu00001library102stg.blob.core.windows.net/digital-objects/mso/thumbs/rs022-033b001f015i006_th.jpg,https://isuu00001library102stg.blob.core.windows.net/digital-objects/mso/ocr/msob1f15i3c03_txt,https://isuu00001library102stg.blob.core.windows.net/digital-objects/mso/hocr/msob1f15i3c03_txt,,,Page 3,,,,,,,,,,,Iowa State University. Special Collections and University Archives,http://id.loc.gov/authorities/names/no2021021777,,,,,,,,,,,,,,,,,,,,,,,,,,,,,,,,,,image/jpeg,,,,2022-02-21,,,,,,,Iowa State University multicultural student organizations collection,https://n2t.net/ark:/87292/w9cn6z51v,,,reformatted digital; Digitized with Epson Expression 12000XL
MSO_b1f15i3_04,msob1f15i3c04,mso,child,msob1f15i3,4,RS022-033b001f015i007.tif,rs022-033b001f015i007.jpg,https://isuu00001library102stg.blob.core.windows.net/digital-objects/mso/rs022-033b001f015i007.jpg,,https://isuu00001library102stg.blob.core.windows.net/digital-objects/mso/small/rs022-033b001f015i007_sm.jpg,https://isuu00001library102stg.blob.core.windows.net/digital-objects/mso/thumbs/rs022-033b001f015i007_th.jpg,https://isuu00001library102stg.blob.core.windows.net/digital-objects/mso/ocr/msob1f15i3c04.txt,https://isuu00001library102stg.blob.core.windows.net/digital-objects/mso/hocr/msob1f15i3c04.txt,,,Page 4,,,,,,,,,,,Iowa State University. Special Collections and University Archives,http://id.loc.gov/authorities/names/no2021021777,,,,,,,,,,,,,,,,,,,,,,,,,,,,,,,,,,image/jpeg,,,,2022-02-21,,,,,,,Iowa State University multicultural student organizations collection,https://n2t.net/ark:/87292/w9cn6z51v,,,reformatted digital; Digitized with Epson Expression 12000XL
MSO_b1f15i3_05,msob1f15i3c05,mso,child,msob1f15i3,5,RS022-033b001f015i008.tif,rs022-033b001f015i008.jpg,https://isuu00001library102stg.blob.core.windows.net/digital-objects/mso/rs022-033b001f015i008.jpg,,https://isuu00001library102stg.blob.core.windows.net/digital-objects/mso/small/rs022-033b001f015i008_sm.jpg,https://isuu00001library102stg.blob.core.windows.net/digital-objects/mso/thumbs/rs022-033b001f015i008_th.jpg,https://isuu00001library102stg.blob.core.windows.net/digital-objects/mso/ocr/msob1f15i3c05_txt,https://isuu00001library102stg.blob.core.windows.net/digital-objects/mso/hocr/msob1f15i3c05_txt,,,Page 5,,,,,,,,,,,Iowa State University. Special Collections and University Archives,http://id.loc.gov/authorities/names/no2021021777,,,,,,,,,,,,,,,,,,,,,,,,,,,,,,,,,,image/jpeg,,,,2022-02-21,,,,,,,Iowa State University multicultural student organizations collection,https://n2t.net/ark:/87292/w9cn6z51v,,,reformatted digital; Digitized with Epson Expression 12000XL
MSO_b1f15i3_06,msob1f15i3c06,mso,child,msob1f15i3,6,RS022-033b001f015i009.tif,rs022-033b001f015i009.jpg,https://isuu00001library102stg.blob.core.windows.net/digital-objects/mso/rs022-033b001f015i009.jpg,,https://isuu00001library102stg.blob.core.windows.net/digital-objects/mso/small/rs022-033b001f015i009_sm.jpg,https://isuu00001library102stg.blob.core.windows.net/digital-objects/mso/thumbs/rs022-033b001f015i009_th.jpg,https://isuu00001library102stg.blob.core.windows.net/digital-objects/mso/ocr/msob1f15i3c06.txt,https://isuu00001library102stg.blob.core.windows.net/digital-objects/mso/hocr/msob1f15i3c06.txt,,,Page 6,,,,,,,,,,,Iowa State University. Special Collections and University Archives,http://id.loc.gov/authorities/names/no2021021777,,,,,,,,,,,,,,,,,,,,,,,,,,,,,,,,,,image/jpeg,,,,2022-02-21,,,,,,,Iowa State University multicultural student organizations collection,https://n2t.net/ark:/87292/w9cn6z51v,,,reformatted digital; Digitized with Epson Expression 12000XL
MSO_b1f15i3_07,msob1f15i3c07,mso,child,msob1f15i3,7,RS022-033b001f015i010.tif,rs022-033b001f015i010.jpg,https://isuu00001library102stg.blob.core.windows.net/digital-objects/mso/rs022-033b001f015i010.jpg,,https://isuu00001library102stg.blob.core.windows.net/digital-objects/mso/small/rs022-033b001f015i010_sm.jpg,https://isuu00001library102stg.blob.core.windows.net/digital-objects/mso/thumbs/rs022-033b001f015i010_th.jpg,https://isuu00001library102stg.blob.core.windows.net/digital-objects/mso/ocr/msob1f15i3c07.txt,https://isuu00001library102stg.blob.core.windows.net/digital-objects/mso/hocr/msob1f15i3c07.txt,,,Page 7,,,,,,,,,,,Iowa State University. Special Collections and University Archives,http://id.loc.gov/authorities/names/no2021021777,,,,,,,,,,,,,,,,,,,,,,,,,,,,,,,,,,image/jpeg,,,,2022-02-21,,,,,,,Iowa State University multicultural student organizations collection,https://n2t.net/ark:/87292/w9cn6z51v,,,reformatted digital; Digitized with Epson Expression 12000XL
MSO_b1f15i3_08,msob1f15i3c08,mso,child,msob1f15i3,8,RS022-033b001f015i011.tif,rs022-033b001f015i011.jpg,https://isuu00001library102stg.blob.core.windows.net/digital-objects/mso/rs022-033b001f015i011.jpg,,https://isuu00001library102stg.blob.core.windows.net/digital-objects/mso/small/rs022-033b001f015i011_sm.jpg,https://isuu00001library102stg.blob.core.windows.net/digital-objects/mso/thumbs/rs022-033b001f015i011_th.jpg,https://isuu00001library102stg.blob.core.windows.net/digital-objects/mso/ocr/msob1f15i3c08.txt,https://isuu00001library102stg.blob.core.windows.net/digital-objects/mso/hocr/msob1f15i3c08.txt,,,Page 8,,,,,,,,,,,Iowa State University. Special Collections and University Archives,http://id.loc.gov/authorities/names/no2021021777,,,,,,,,,,,,,,,,,,,,,,,,,,,,,,,,,,image/jpeg,,,,2022-02-21,,,,,,,Iowa State University multicultural student organizations collection,https://n2t.net/ark:/87292/w9cn6z51v,,,reformatted digital; Digitized with Epson Expression 12000XL
MSO_b1f15i3_09,msob1f15i3c09,mso,child,msob1f15i3,9,RS022-033b001f015i012_tif,rs022-033b001f015i012_jpg,https://isuu00001library102stg.blob.core.windows.net/digital-objects/mso/rs022-033b001f015i012_jpg,,https://isuu00001library102stg.blob.core.windows.net/digital-objects/mso/small/rs022-033b001f015i012_sm.jpg,https://isuu00001library102stg.blob.core.windows.net/digital-objects/mso/thumbs/rs022-033b001f015i012_th.jpg,https://isuu00001library102stg.blob.core.windows.net/digital-objects/mso/ocr/msob1f15i3c09.txt,https://isuu00001library102stg.blob.core.windows.net/digital-objects/mso/hocr/msob1f15i3c09.txt,,,Page 9,,,,,,,,,,,Iowa State University. Special Collections and University Archives,http://id.loc.gov/authorities/names/no2021021777,,,,,,,,,,,,,,,,,,,,,,,,,,,,,,,,,,image/jpeg,,,,2022-02-21,,,,,,,Iowa State University multicultural student organizations collection,https://n2t.net/ark:/87292/w9cn6z51v,,,reformatted digital; Digitized with Epson Expression 12000XL
MSO_b1f15i3_10,msob1f15i3c10,mso,child,msob1f15i3,10,RS022-033b001f015i013_tif,rs022-033b001f015i013_jpg,https://isuu00001library102stg.blob.core.windows.net/digital-objects/mso/rs022-033b001f015i013_jpg,,https://isuu00001library102stg.blob.core.windows.net/digital-objects/mso/small/rs022-033b001f015i013_sm.jpg,https://isuu00001library102stg.blob.core.windows.net/digital-objects/mso/thumbs/rs022-033b001f015i013_th.jpg,https://isuu00001library102stg.blob.core.windows.net/digital-objects/mso/ocr/msob1f15i3c10.txt,https://isuu00001library102stg.blob.core.windows.net/digital-objects/mso/hocr/msob1f15i3c10.txt,,,Page 10,,,,,,,,,,,Iowa State University. Special Collections and University Archives,http://id.loc.gov/authorities/names/no2021021777,,,,,,,,,,,,,,,,,,,,,,,,,,,,,,,,,,image/jpeg,,,,2022-02-21,,,,,,,Iowa State University multicultural student organizations collection,https://n2t.net/ark:/87292/w9cn6z51v,,,reformatted digital; Digitized with Epson Expression 12000XL
MSO_b1f15i3_11,msob1f15i3c11,mso,child,msob1f15i3,11,RS022-033b001f015i014.tif,rs022-033b001f015i014.jpg,https://isuu00001library102stg.blob.core.windows.net/digital-objects/mso/rs022-033b001f015i014.jpg,,https://isuu00001library102stg.blob.core.windows.net/digital-objects/mso/small/rs022-033b001f015i014_sm.jpg,https://isuu00001library102stg.blob.core.windows.net/digital-objects/mso/thumbs/rs022-033b001f015i014_th.jpg,https://isuu00001library102stg.blob.core.windows.net/digital-objects/mso/ocr/msob1f15i3c11.txt,https://isuu00001library102stg.blob.core.windows.net/digital-objects/mso/hocr/msob1f15i3c11.txt,,,Page 11,,,,,,,,,,,Iowa State University. Special Collections and University Archives,http://id.loc.gov/authorities/names/no2021021777,,,,,,,,,,,,,,,,,,,,,,,,,,,,,,,,,,image/jpeg,,,,2022-02-21,,,,,,,Iowa State University multicultural student organizations collection,https://n2t.net/ark:/87292/w9cn6z51v,,,reformatted digital; Digitized with Epson Expression 12000XL
,082IafirstblackjudgeGlanton,,audio,,,,,https://archive.org/details/082IafirstblackjudgeGlanton,,,,,,,,"Judge Luther Thomas Glanton, The First Black Judge of Iowa",,,,,,,,,,,"Des Moines Public Library (Des Moines, Iowa)",,,,,,,,,,,,,,,,,,,,,,,,,,,,,,,,,,,,,,,,,,,,,,,,,,
,DMPL_NBID,,simple,,,,,,,,,,,,,Negro Business and Information Directory,,,,,,,,,,,"Des Moines Public Library (Des Moines, Iowa)",,,,,,,,,,,,,,,,,,,,,,,,,,,,,,,,,,,,,,,,,,,,,,,,,,
,DMPL_NAACP25,,complex,,,,,,,,,,,,,History of the Des Moines Branch: 25th Anniversary Souvenir,,,,,,,,,,,"Des Moines Public Library (Des Moines, Iowa)",,,,,,,,,,,,,,,,,,,,,,,,,,,,,,,,,,,,,,,,,,,,,,,,,,
,DMPL_NAACP26,,child,DMPL_NAACP25,,,,,,,,,,,,Page 1,,,,,,,,,,,,,,,,,,,,,,,,,,,,,,,,,,,,,,,,,,,,,,,,,,,,,,,,,,,,,
,DMPL_NAACP27,,image,DMPL_NAACP25,,,,,,,,,,,,Page 2,,,,,,,,,,,,,,,,,,,,,,,,,,,,,,,,,,,,,,,,,,,,,,,,,,,,,,,,,,,,,
,DMPL_NAACP28,,image,DMPL_NAACP25,,,,,,,,,,,,Page 3,,,,,,,,,,,,,,,,,,,,,,,,,,,,,,,,,,,,,,,,,,,,,,,,,,,,,,,,,,,,,
,DMPL_NAACP29,,image,DMPL_NAACP25,,,,,,,,,,,,Page 4,,,,,,,,,,,,,,,,,,,,,,,,,,,,,,,,,,,,,,,,,,,,,,,,,,,,,,,,,,,,,
,DMPL_NAACP30,,image,DMPL_NAACP25,,,,,,,,,,,,Page 5,,,,,,,,,,,,,,,,,,,,,,,,,,,,,,,,,,,,,,,,,,,,,,,,,,,,,,,,,,,,,
,DMPL_NAACP31,,image,DMPL_NAACP25,,,,,,,,,,,,Page 6,,,,,,,,,,,,,,,,,,,,,,,,,,,,,,,,,,,,,,,,,,,,,,,,,,,,,,,,,,,,,
,DMPL_NAACP32,,image,DMPL_NAACP25,,,,,,,,,,,,Page 7,,,,,,,,,,,,,,,,,,,,,,,,,,,,,,,,,,,,,,,,,,,,,,,,,,,,,,,,,,,,,
,DMPL_NAACP33,,image,DMPL_NAACP25,,,,,,,,,,,,Page 8,,,,,,,,,,,,,,,,,,,,,,,,,,,,,,,,,,,,,,,,,,,,,,,,,,,,,,,,,,,,,
,DMPL_NAACP34,,image,DMPL_NAACP25,,,,,,,,,,,,Page 9,,,,,,,,,,,,,,,,,,,,,,,,,,,,,,,,,,,,,,,,,,,,,,,,,,,,,,,,,,,,,
,DMPL_NAACP35,,image,DMPL_NAACP25,,,,,,,,,,,,Page 10,,,,,,,,,,,,,,,,,,,,,,,,,,,,,,,,,,,,,,,,,,,,,,,,,,,,,,,,,,,,,
,DMPL_NAACP36,,image,DMPL_NAACP25,,,,,,,,,,,,Page 11,,,,,,,,,,,,,,,,,,,,,,,,,,,,,,,,,,,,,,,,,,,,,,,,,,,,,,,,,,,,,
,DMPL_NAACP37,,image,DMPL_NAACP25,,,,,,,,,,,,Page 12,,,,,,,,,,,,,,,,,,,,,,,,,,,,,,,,,,,,,,,,,,,,,,,,,,,,,,,,,,,,,
,DMPL_NAACP38,,image,DMPL_NAACP25,,,,,,,,,,,,Page 13,,,,,,,,,,,,,,,,,,,,,,,,,,,,,,,,,,,,,,,,,,,,,,,,,,,,,,,,,,,,,
,DMPL_NAACP39,,image,DMPL_NAACP25,,,,,,,,,,,,Page 14,,,,,,,,,,,,,,,,,,,,,,,,,,,,,,,,,,,,,,,,,,,,,,,,,,,,,,,,,,,,,
,DMPL_NAACP40,,image,DMPL_NAACP25,,,,,,,,,,,,Page 15,,,,,,,,,,,,,,,,,,,,,,,,,,,,,,,,,,,,,,,,,,,,,,,,,,,,,,,,,,,,,
,DMPL_NAACP41,,image,DMPL_NAACP25,,,,,,,,,,,,Page 16,,,,,,,,,,,,,,,,,,,,,,,,,,,,,,,,,,,,,,,,,,,,,,,,,,,,,,,,,,,,,
,aami01,,complex,,,,,,,,,,,,,Friend in need,,,,,,,,,,,African American Museum of Iowa,,,"Brown, Gertrude",,,,,,,,,,,Printed by Robert Patten.,,,,,,,,"Black people;African Americans;printmakers, African Americans",,United States--Iowa,,,,,,,,printed ephemera,,,,,,,,,,,,,,,,,,
,aami02,,image,aami01,,,,,,,,,,,,Memorial program,,,,,,,,,,,African American Museum of Iowa,,,,,,,,,,,,,,Memorial program to slain youths. Simpson College experimental theater group mentioned.,,,,,,,,Black people;African Americans,,United States--Iowa,,,,,,,,printed ephemera,,,,,,,,,,,,,,,,,,
,aami03,,image,aami01,,,,,,,,,,,,Cover,,,,,,,,,,,,,,,,,,,,,,,,,,,,,,,,,,,,,,,,,,,,,,,,,,,,,,,,,,,,,
,aami04,,image,aami01,,,,,,,,,,,,Page 1-2,,,,,,,,,,,,,,,,,,,,,,,,,,,,,,,,,,,,,,,,,,,,,,,,,,,,,,,,,,,,,
,aami05,,complex,,,,,,,,,,,,,Patten Novelty Company profit sharing certificate,,,,,,,,,,,African American Museum of Iowa,,,,Patten Novelty Company,,,,,,,,,,,,,,,,,,Black people;African Americans,,Iowa--Des Moines,,,,,,,,printed ephemera,,,,,,,,,,,,,,,,,,
,aami06,,image,aami05,,,,,,,,,,,,Front,,,,,,,,,,,,,,,,,,,,,,,,,,,,,,,,,,,,,,,,,,,,,,,,,,,,,,,,,,,,,
,aami07,,image,aami05,,,,,,,,,,,,Back,,,,,,,,,,,,,,,,,,,,,,,,,,,,,,,,,,,,,,,,,,,,,,,,,,,,,,,,,,,,,
,aami08,,image,aami05,,,,,,,,,,,,Andrew's Court apartments advertisement,,,,,,,,,,,African American Museum of Iowa,,,,,,,,,,,,,,Shows image of the buildings at the corner of 10th Street and Clark Street.,,,,,,,,"Black people;African Americans;printmakers, African American",,Iowa--Des Moines,,,,,,,,printed ephemera,,,,,,,,,,,,,,,,,,
,aami09,,image,aami05,,,,,,,,,,,,"The Uniter, summer 1974, volume 10, number 3",,,,,,,,,,,,,,,Church Women United in Iowa,,,,,,,,,,Quarterly newsletter for Christian women. Viola Gibson was a member of the Nominating Committee (see page 2).,,,,,,,,"Christian women -- Religious life;African Americans;Black people;women, Black;women, African American",,United States--Iowa,,,,,,,,serials (publications),,,,,,,,,,,,,,,,,,
,aami10,,image,aami05,,,,,,,,,,,,Page 1,,,,,,,,,,,,,,,,,,,,,,,,,,,,,,,,,,,,,,,,,,,,,,,,,,,,,,,,,,,,,
,aami11,,image,aami05,,,,,,,,,,,,Page 2-3,,,,,,,,,,,,,,,,,,,,,,,,,,,,,,,,,,,,,,,,,,,,,,,,,,,,,,,,,,,,,
,aami12,,image,aami05,,,,,,,,,,,,Page 4-5,,,,,,,,,,,,,,,,,,,,,,,,,,,,,,,,,,,,,,,,,,,,,,,,,,,,,,,,,,,,,
,aami13,,image,aami05,,,,,,,,,,,,Page 6,,,,,,,,,,,,,,,,,,,,,,,,,,,,,,,,,,,,,,,,,,,,,,,,,,,,,,,,,,,,,
,grinnell01,,simple,,,,,,,,,,,,,Edith Renfrow Smith '37,,,,,,,,,,,Grinnell College,,,"Smith, Edith Virginia Renfrow, 1914-",,,,,,,"Yeager, Stuart A., 1960-;Jordan, David",,,,"Oral history interview of Edith Renfrow Smith, Grinnell College class of 1937, conducted by Stuart Yeager, Grinnell College class of 1980.  Smith's interview touches on her being the first Black woman to graduate from Grinnell College as well as her family being one of the first Black families in Grinnell.",,,,"Smith, Edith Virginia Renfrow, 1914-",,,,,,United States--Iowa,,,,,,,,audiocassettes,,,,,,,,,,,,,,,,,,
,1995_002_1297.02,,complex,,,,,/objects/access_1995_2_1297_2_01_tif.jpg,,/objects/small//objects/access_1995_2_1297_2_01_tif_sm.jpg,/objects/thumbs//objects/access_1995_2_1297_2_01_tif_th.jpg,,,,,,,,,,,,,,,,,,,,,,,,,,,,,,,,,,,,,,,,,,,,,,,,,,,,,,1982,,,,,,,,,,,,
,1995_002_1297.03,,child,1995_002_1297.02,,,,/objects/access_1995_2_1297_2_01_tif.jpg,,/objects/small//objects/access_1995_2_1297_2_01_tif_sm.jpg,/objects/thumbs//objects/access_1995_2_1297_2_01_tif_th.jpg,,,,,"Program, 67th annual session of the Iowa, South Dakota, Nebraska, and Minnesota Baptist Sunday School Convention, and 39th session of the Baptist Training Union, June 1947",,,,,,,,,,,State Historical Society of Iowa,,,"Patten, Robert E., 1883_1968",,,,,,,,,Baptist Training Union;Baptist Sunday School Convention,,"Program, order of events for the Iowa, South Dakota, Nebraska, and Minnesota Baptist Sunday School Convention and Baptist Training Union Convention held at Mt. Zion Baptist Church, Sioux City, Iowa, June 13_17, 1947. 

Names listed include: Rev. H.R. Boston; Mrs. Faye Southers; Mrs. Doris Bennett Davis; Miss Kathrine Lucas; Rev. D.O. Bell; Mr. Lawrence Doolin; Rev. J.H. Beverly; Rev. Eugene Williams; Miss Reda Mae Wilburm; Rev. Samual Davis; Mr. Timothy Jackson; Miss Patsy Jean Burrough; Miss Shirley Martin; Mr. Thomas Whitney; Rev. J.Q. Evans; Mrs. Essie Pipkins; Mrs. Jessye Bell-Davis; Mrs. Willa Mae Williams; Rev. J.M. Eaves; Rev. B.H. Hunter; Mrs. Hallie Tutt; Mrs. Katherine Shelton; Willa Mae Williams; Mrs. Elnora Benjamin; Miss Zola Mae King; Mrs. Essie Pipkins; Mrs. Doris Bennett Davis; Miss Connie Dixon; Mr. Lawrence Doolin; Mr. Thomas Whitney; Rev. A.W. Patton; Rev. J.H. Ross; Mrs. Ethel Grenlee; Miss Shirley Martin; Miss Helena Brooks; Cora Mae Lee; Rev. Jerome Tate; Rev. L.C. Harris; Miss Agnes Bozotra; Miss Dorothy Sanders; Mrs. H.R. Boston; Rev. E. Lloyd Jamison; Rev. E.A. Gaiters; Rev. E.D. Johnson; Mrs. Josephine Hagan; Rev. D.O. Bell; Mrs. Bridie Carlton.",,eng,,,,,,Religion;Music;Prayers and devotions;African American churches;Baptist Training Union;Sunday school conventions,,Iowa;Iowa--Sioux City,,42_49999,,-96.40031,6 pages,,,sheets,,Text,,http://rightsstatements.org/vocab/NKC/1.0/,,1947,,,,,,,,,,,,
,1995_002_1297.04,,child,1995_002_1297.02,,,,/objects/access_1995_2_1297_2_02_tif.jpg,,/objects/small//objects/access_1995_2_1297_2_02_tif_sm.jpg,/objects/thumbs//objects/access_1995_2_1297_2_02_tif_th.jpg,,,,,,,,,,,,,,,,,,,,,,,,,,,,,,,,,,,,,,,,,,,,,,,,,,,,,,,,,,,,,,,,,,
,1995_002_1297.05,,child,1995_002_1297.02,,,,/objects/access_1995_2_1297_2_03_tif.jpg,,/objects/small//objects/access_1995_2_1297_2_03_tif_sm.jpg,/objects/thumbs//objects/access_1995_2_1297_2_03_tif_th.jpg,,,,,,,,,,,,,,,,,,,,,,,,,,,,,,,,,,,,,,,,,,,,,,,,,,,,,,,,,,,,,,,,,,
,1995_002_1297.06,,child,1995_002_1297.02,,,,/objects/access_1995_2_1297_2_04_tif.jpg,,/objects/small//objects/access_1995_2_1297_2_04_tif_sm.jpg,/objects/thumbs//objects/access_1995_2_1297_2_04_tif_th.jpg,,,,,,,,,,,,,,,,,,,,,,,,,,,,,,,,,,,,,,,,,,,,,,,,,,,,,,,,,,,,,,,,,,
,1995_002_1297.07,,child,1995_002_1297.02,,,,/objects/access_1995_2_1297_2_05_tif.jpg,,/objects/small//objects/access_1995_2_1297_2_05_tif_sm.jpg,/objects/thumbs//objects/access_1995_2_1297_2_05_tif_th.jpg,,,,,,,,,,,,,,,,,,,,,,,,,,,,,,,,,,,,,,,,,,,,,,,,,,,,,,,,,,,,,,,,,,
,1995_002_1297.08,,child,1995_002_1297.02,,,,/objects/access_1995_2_1297_2_06_tif.jpg,,/objects/small//objects/access_1995_2_1297_2_06_tif_sm.jpg,/objects/thumbs//objects/access_1995_2_1297_2_06_tif_th.jpg,,,,,,,,,,,,,,,,,,,,,,,,,,,,,,,,,,,,,,,,,,,,,,,,,,,,,,,,,,,,,,,,,,
,1993_073,,image,,,,,/objects/access_1993_73_tif.jpg,,/objects/small//objects/access_1993_73_tif_sm.jpg,/objects/thumbs//objects/access_1993_73_tif_th.jpg,,,,,"Signature Quilt for St. Paul African Methodist Episcopal Church, Des Moines, 1940-1941",,,,,,,,,,,State Historical Society of Iowa,,"Dixon, Nora McKee, 1870-1958",,,,,,,,,,"St Paul A.M.E. Church, Des Moines",,"Quilt, synthetic fabric, three inch squares of pink and orange alternating with blocks of black; quilted with pink thread; backed with pink synthetic fabric, bound with black. Embroidered with names, date, and name of St. Paul AME Church. Circa 1940-1941. 62 x 71.5 inches.

Handmade by donor's grandmother, Nora McKee Dixon, 1870-1958, Des Moines, Iowa, Polk County, as fundraiser for St. Paul African Methodist Episcopal Church of Des Moines at the beginning of World War II. Nora's daughter, Madeline Dixon Berry, did the handwriting on the blocks. Names of church officials, including bishop, pastor, elders, embroidered on middle orange and black blocks. Names around the center represent those who gave ten cents to the Junior Missionaries to have their names on the quilt.

Photographs of the McKee family including Nora as a girl and young woman are held in Special Collections, Des Moines. The family of Madaline and John McKee were residents of Dallas County after the Civil War.",,,,,,,,Religion;Women;African American churches;Fund raising;Quilts;Signature Quilts,,Iowa;Iowa--Des Moines,,41.60054,-93_60911,,1 object,,,,,,,,,1940,,,,,,,,,,,,
,1995_002_0475,,complex,,,,,/objects/access_1995_2_475_01_tif.jpg,,/objects/small//objects/access_1995_2_475_01_tif_sm.jpg,/objects/thumbs//objects/access_1995_2_475_01_tif_th.jpg,,,,,"Program, Des Moines District Conference and the Women's Mite Missionary Convention of the Northwest Annual Conference of the AME Church, May 27-28, 1942",,,,,,,,,,,State Historical Society of Iowa,,,"Patten, Robert E., 1883_1968",,,,,,,,,"Bethel Church, Des Moines",,"Program, Des Moines District Conference and the Women's Mite Missionary Convention of the Northwest Annual Conference of the AME Church; Bethel Church, 1524 East University Avenue, Rev. W.F. Ogleton, pastor; May 27-28, 1942_

Names listed include: Rt. Rev. Jno. A. Gregg; Rev. W.H. Ogleton; Rev. T.B. Stovall; Mrs. G.T. Fant; Rev. W.M. Berry; R.C. Campbell; Dr. R. Hopkins; Rev. J.W. Collins; Estella Coats; Goldie Fant; Dock Slaughter; Rev. H.C. Boyd; E.N. Warren; Harry Warnum; Rev. Grant Page; Julia Stewart; Rachel Turner; Rev. C.H. Copeland; Mrs. S. Robinson; Clara Bailey; Rev. T.W. Hightower; Malena Brooks; Missouri Slater; Rev. L.P. Ashford; Cattie McNeal; Mabel Mason; E.C. Allen; J.W. Collins; Rev. A.L. Preston; Grant Dozier; Rev. H.J. Parker; W.F. Ogleton; L.L. Johnson; Bro. Wm. Brewer; Rev. W.M. Berry; Rev. L.P. Ashford; Mrs. Anna Collins; Mrs. Lucy Page; Mrs. Alice Thompson; Mrs. T.W. Hightower; Mrs. Donna Ogleton; Mrs. G.T. Fant; Mrs. L.P. Ashford; Thelma Reeves; Mrs. L.L. Johnson; Mrs. Sophia Nichols; Mrs. E. Preston; Mrs. M. Copeland.",,,,,,,,Religion;Music;Prayers and devotions;African American churches;Memorial Service,,Iowa;Iowa--Des Moines,,41.60054,-93_60911,,4 pages,,,sheets,,,,http://rightsstatements.org/vocab/NKC/1.0/,,1942,,,,,,,,,,,,
,1995_002_0476,,child,1995_002_0475,,,,/objects/access_1995_2_475_01_tif.jpg,,/objects/small//objects/access_1995_2_475_01_tif_sm.jpg,/objects/thumbs//objects/access_1995_2_475_01_tif_th.jpg,,,,,,,,,,,,,,,,,,,,,,,,,,,,,,,,,,,,,,,,,,,,,,,,,,,,,,,,,,,,,,,,,,
,1995_002_0477,,child,1995_002_0475,,,,/objects/access_1995_2_475_02_tif.jpg,,/objects/small//objects/access_1995_2_475_02_tif_sm.jpg,/objects/thumbs//objects/access_1995_2_475_02_tif_th.jpg,,,,,,,,,,,,,,,,,,,,,,,,,,,,,,,,,,,,,,,,,,,,,,,,,,,,,,,,,,,,,,,,,,
,1995_002_0478,,child,1995_002_0475,,,,/objects/access_1995_2_475_03_tif.jpg,,/objects/small//objects/access_1995_2_475_03_tif_sm.jpg,/objects/thumbs//objects/access_1995_2_475_03_tif_th.jpg,,,,,,,,,,,,,,,,,,,,,,,,,,,,,,,,,,,,,,,,,,,,,,,,,,,,,,,,,,,,,,,,,,
,1995_002_0479,,child,1995_002_0475,,,,/objects/access_1995_2_475_04_tif.jpg,,/objects/small//objects/access_1995_2_475_04_tif_sm.jpg,/objects/thumbs//objects/access_1995_2_475_04_tif_th.jpg,,,,,,,,,,,,,,,,,,,,,,,,,,,,,,,,,,,,,,,,,,,,,,,,,,,,,,,,,,,,,,,,,,
,gmd_2020.028.001ab_001,,complex,,,,,,,,,,,,,Black Lives Matter yard sign,,,,,,,,,,,Grout Museum District,,,,,,,,,,"Schwartz, Chris ",,,,"Corrugated white polystyrene yard sign with ""BLACK LIVES MATTER"" printed in black and white on both anterior and posterior.  Rolled steel wire support system attached.  
One of approximately 250 such signs distributed by the 2020 campaign of Black Hawk County Supervisor Chris Schwarz (D) from his home in Waterloo on 6/25/2020.  Used extensively during the George Floyd protests of 2020.",,,,,,,,Social movements;Civil rights;Political campaigns;Protest movements;Civil rights movements;Politics and government;Visual communication;Black lives matter movement;African Americans;Black people,,Iowa;Iowa--Black Hawk County;Iowa--Waterloo;Iowa--Waterloo Metropolitan Area,,,,,,,,,,,,,,2020,,,,,,,,,,,,
,,,child,gmd_2020.028.001ab_001,,,gmd_2020.028.001ab_002_tif,,,,,,,,,,,,,,,,,,,,,,,,,,,,,,,,,,,,,,,,,,,,,,,,,,,,,,,,,,,,,,,,,,,,,,
,,,child,gmd_2020.028.001ab_001,,,gmd_2020.028.001ab_003_tif,,,,,,,,,,,,,,,,,,,,,,,,,,,,,,,,,,,,,,,,,,,,,,,,,,,,,,,,,,,,,,,,,,,,,,
,,,,,,,gmd_2020.037.001.tif,,,,,,,,,,,,,,,,,,,,,,,,,,,,,,,,,,,,,,,,,,,,,,,,,,,,,,,,,,,,,,,,,,,,,,